n_outputs,status,build_ms,sign_ms,submit_ms,txbody_bytes,fee_lovelace,error
1,built,337,,,423,Lovelace,
2,built,327,,,553,Lovelace,
3,built,327,,,683,Lovelace,
4,built,327,,,813,Lovelace,
5,built,349,,,943,Lovelace,
6,built,346,,,1073,Lovelace,
7,built,348,,,1203,Lovelace,
8,built,338,,,1333,Lovelace,
9,built,339,,,1463,Lovelace,
10,built,338,,,1593,Lovelace,
11,built,349,,,1723,Lovelace,
12,built,348,,,1853,Lovelace,
13,built,348,,,1983,Lovelace,
14,built,348,,,2113,Lovelace,
15,built,348,,,2243,Lovelace,
16,built,349,,,2373,Lovelace,
17,built,348,,,2503,Lovelace,
18,built,340,,,2633,Lovelace,
19,built,348,,,2763,Lovelace,
20,built,340,,,2893,Lovelace,
21,built,340,,,3023,Lovelace,
22,built,338,,,3153,Lovelace,
23,built,339,,,3285,Lovelace,
24,built,338,,,3415,Lovelace,
25,built,378,,,3545,Lovelace,
26,built,340,,,3675,Lovelace,
27,built,338,,,3805,Lovelace,
28,built,338,,,3935,Lovelace,
29,built,339,,,4065,Lovelace,
30,built,338,,,4195,Lovelace,
31,built,349,,,4325,Lovelace,
32,built,331,,,4455,Lovelace,
33,built,349,,,4585,Lovelace,
34,built,359,,,4715,Lovelace,
35,built,337,,,4845,Lovelace,
36,built,337,,,4975,Lovelace,
37,built,338,,,5105,Lovelace,
38,built,378,,,5235,Lovelace,
39,built,339,,,5365,Lovelace,
40,built,328,,,5495,Lovelace,
41,built,349,,,5625,Lovelace,
42,built,349,,,5755,Lovelace,
43,built,349,,,5885,Lovelace,
44,built,349,,,6015,Lovelace,
45,built,359,,,6145,Lovelace,
46,built,351,,,6275,Lovelace,
47,built,339,,,6405,Lovelace,
48,built,370,,,6535,Lovelace,
49,built,341,,,6665,Lovelace,
50,built,340,,,6795,Lovelace,
51,built,349,,,6925,Lovelace,
52,built,351,,,7055,Lovelace,
53,built,370,,,7185,Lovelace,
54,built,348,,,7315,Lovelace,
55,built,351,,,7445,Lovelace,
56,built,350,,,7575,Lovelace,
57,built,350,,,7705,Lovelace,
58,built,359,,,7835,Lovelace,
59,built,362,,,7965,Lovelace,
60,built,379,,,8095,Lovelace,
61,built,360,,,8225,Lovelace,
62,built,361,,,8355,Lovelace,
63,built,359,,,8485,Lovelace,
64,built,349,,,8615,Lovelace,
65,built,371,,,8745,Lovelace,
66,built,361,,,8875,Lovelace,
67,built,361,,,9005,Lovelace,
68,built,360,,,9135,Lovelace,
69,built,360,,,9265,Lovelace,
70,built,350,,,9395,Lovelace,
71,built,349,,,9525,Lovelace,
72,built,371,,,9655,Lovelace,
73,built,370,,,9785,Lovelace,
74,built,409,,,9915,Lovelace,
75,built,360,,,10045,Lovelace,
76,built,360,,,10175,Lovelace,
77,built,351,,,10305,Lovelace,
78,built,361,,,10435,Lovelace,
79,built,350,,,10565,Lovelace,
80,built,361,,,10695,Lovelace,
81,built,359,,,10825,Lovelace,
82,built,363,,,10955,Lovelace,
83,built,362,,,11085,Lovelace,
84,built,363,,,11215,Lovelace,
85,built,373,,,11345,Lovelace,
86,built,361,,,11475,Lovelace,
87,built,381,,,11605,Lovelace,
88,built,361,,,11735,Lovelace,
89,built,371,,,11865,Lovelace,
90,built,363,,,11995,Lovelace,
91,built,372,,,12125,Lovelace,
92,built,361,,,12255,Lovelace,
93,built,372,,,12385,Lovelace,
94,built,361,,,12515,Lovelace,
95,built,373,,,12645,Lovelace,
96,built,352,,,12775,Lovelace,
97,built,371,,,12905,Lovelace,
98,built,371,,,13035,Lovelace,
99,built,371,,,13165,Lovelace,
100,built,372,,,13295,Lovelace,
101,built,360,,,13425,Lovelace,
102,built,381,,,13555,Lovelace,
103,built,381,,,13685,Lovelace,
104,built,382,,,13815,Lovelace,
105,built,372,,,13945,Lovelace,
106,built,381,,,14075,Lovelace,
107,built,373,,,14205,Lovelace,
108,built,382,,,14335,Lovelace,
109,built,363,,,14465,Lovelace,
110,built,373,,,14595,Lovelace,
111,built,373,,,14725,Lovelace,
112,built,383,,,14855,Lovelace,
113,built,382,,,14985,Lovelace,
114,built,383,,,15115,Lovelace,
115,built,381,,,15245,Lovelace,
116,built,382,,,15375,Lovelace,
117,built,382,,,15505,Lovelace,
118,built,382,,,15635,Lovelace,
119,built,382,,,15765,Lovelace,
120,built,372,,,15895,Lovelace,
121,built,392,,,16025,Lovelace,
122,built,392,,,16155,Lovelace,
123,built,382,,,16285,Lovelace,
124,built,382,,,16415,Lovelace,
125,built,372,,,16545,Lovelace,
126,built,393,,,16675,Lovelace,
127,built,374,,,16805,Lovelace,
128,built,384,,,16935,Lovelace,
129,built,384,,,17065,Lovelace,
130,built,383,,,17195,Lovelace,
131,built,373,,,17325,Lovelace,
132,built,374,,,17455,Lovelace,
133,built,383,,,17585,Lovelace,
134,built,382,,,17715,Lovelace,
135,built,392,,,17845,Lovelace,
136,built,383,,,17975,Lovelace,
137,built,392,,,18105,Lovelace,
138,built,393,,,18235,Lovelace,
139,built,392,,,18365,Lovelace,
140,built,383,,,18495,Lovelace,
141,built,383,,,18625,Lovelace,
142,built,403,,,18755,Lovelace,
143,built,382,,,18885,Lovelace,
144,built,392,,,19015,Lovelace,
145,built,382,,,19145,Lovelace,
146,built,371,,,19275,Lovelace,
147,built,382,,,19405,Lovelace,
148,built,384,,,19535,Lovelace,
149,built,383,,,19665,Lovelace,
150,built,373,,,19795,Lovelace,
151,built,393,,,19925,Lovelace,
152,built,383,,,20055,Lovelace,
153,built,384,,,20185,Lovelace,
154,built,383,,,20315,Lovelace,
155,built,394,,,20445,Lovelace,
156,built,383,,,20575,Lovelace,
157,built,394,,,20705,Lovelace,
158,built,395,,,20835,Lovelace,
159,built,392,,,20965,Lovelace,
160,built,382,,,21095,Lovelace,
161,built,382,,,21225,Lovelace,
162,built,393,,,21355,Lovelace,
163,built,374,,,21485,Lovelace,
164,built,404,,,21615,Lovelace,
165,built,385,,,21745,Lovelace,
166,built,405,,,21875,Lovelace,
167,built,393,,,22005,Lovelace,
168,built,393,,,22135,Lovelace,
169,built,382,,,22265,Lovelace,
170,built,403,,,22395,Lovelace,
171,built,382,,,22525,Lovelace,
172,built,403,,,22655,Lovelace,
173,built,395,,,22785,Lovelace,
174,built,394,,,22915,Lovelace,
175,built,393,,,23045,Lovelace,
176,built,393,,,23175,Lovelace,
177,built,405,,,23305,Lovelace,
178,built,395,,,23435,Lovelace,
179,built,393,,,23565,Lovelace,
180,built,383,,,23695,Lovelace,
181,built,393,,,23825,Lovelace,
182,built,394,,,23955,Lovelace,
183,built,395,,,24085,Lovelace,
184,built,394,,,24215,Lovelace,
185,built,386,,,24345,Lovelace,
186,built,393,,,24475,Lovelace,
187,built,395,,,24605,Lovelace,
188,built,395,,,24735,Lovelace,
189,built,395,,,24865,Lovelace,
190,built,404,,,24995,Lovelace,
191,built,407,,,25125,Lovelace,
192,built,404,,,25255,Lovelace,
193,built,404,,,25385,Lovelace,
194,built,405,,,25515,Lovelace,
195,built,394,,,25645,Lovelace,
196,built,414,,,25775,Lovelace,
197,built,405,,,25905,Lovelace,
198,built,406,,,26035,Lovelace,
199,built,393,,,26165,Lovelace,
200,built,405,,,26295,Lovelace,
201,built,396,,,26425,Lovelace,
202,built,405,,,26555,Lovelace,
203,built,395,,,26685,Lovelace,
204,built,393,,,26815,Lovelace,
205,built,396,,,26945,Lovelace,
206,built,404,,,27075,Lovelace,
207,built,385,,,27205,Lovelace,
208,built,396,,,27335,Lovelace,
209,built,405,,,27465,Lovelace,
210,built,405,,,27595,Lovelace,
211,built,405,,,27725,Lovelace,
212,built,414,,,27855,Lovelace,
213,built,415,,,27985,Lovelace,
214,built,405,,,28115,Lovelace,
215,built,404,,,28245,Lovelace,
216,built,404,,,28375,Lovelace,
217,built,404,,,28505,Lovelace,
218,built,396,,,28635,Lovelace,
219,built,415,,,28765,Lovelace,
220,built,416,,,28895,Lovelace,
221,built,407,,,29025,Lovelace,
222,built,404,,,29155,Lovelace,
223,built,418,,,29285,Lovelace,
224,built,406,,,29415,Lovelace,
225,built,404,,,29545,Lovelace,
226,built,395,,,29675,Lovelace,
227,built,405,,,29805,Lovelace,
228,built,404,,,29935,Lovelace,
229,built,406,,,30065,Lovelace,
230,built,404,,,30195,Lovelace,
231,built,416,,,30325,Lovelace,
232,built,425,,,30455,Lovelace,
233,built,404,,,30585,Lovelace,
234,built,416,,,30715,Lovelace,
235,built,414,,,30845,Lovelace,
236,built,416,,,30975,Lovelace,
237,built,405,,,31105,Lovelace,
238,built,405,,,31235,Lovelace,
239,built,414,,,31365,Lovelace,
240,built,406,,,31495,Lovelace,
241,built,414,,,31625,Lovelace,
242,built,405,,,31755,Lovelace,
243,built,416,,,31885,Lovelace,
244,built,425,,,32015,Lovelace,
245,built,427,,,32145,Lovelace,
246,built,416,,,32275,Lovelace,
247,built,415,,,32405,Lovelace,
248,built,416,,,32535,Lovelace,
249,built,416,,,32665,Lovelace,
250,built,426,,,32795,Lovelace,
251,built,427,,,32925,Lovelace,
252,built,406,,,33055,Lovelace,
253,built,426,,,33185,Lovelace,
254,built,406,,,33315,Lovelace,
255,built,418,,,33445,Lovelace,
256,built,428,,,33575,Lovelace,
257,built,416,,,33705,Lovelace,
258,built,417,,,33835,Lovelace,
259,built,416,,,33965,Lovelace,
260,built,425,,,34095,Lovelace,
261,built,416,,,34225,Lovelace,
262,built,416,,,34355,Lovelace,
263,built,427,,,34485,Lovelace,
264,built,417,,,34615,Lovelace,
265,built,416,,,34745,Lovelace,
266,built,416,,,34875,Lovelace,
267,built,416,,,35005,Lovelace,
268,built,407,,,35135,Lovelace,
269,built,426,,,35265,Lovelace,
270,built,416,,,35395,Lovelace,
271,built,418,,,35525,Lovelace,
272,built,426,,,35655,Lovelace,
273,built,417,,,35785,Lovelace,
274,built,415,,,35915,Lovelace,
275,built,418,,,36045,Lovelace,
276,built,456,,,36175,Lovelace,
277,built,428,,,36305,Lovelace,
278,built,417,,,36435,Lovelace,
279,built,417,,,36565,Lovelace,
280,built,418,,,36695,Lovelace,
281,built,416,,,36825,Lovelace,
282,built,425,,,36955,Lovelace,
283,built,416,,,37085,Lovelace,
284,built,437,,,37215,Lovelace,
285,built,428,,,37345,Lovelace,
286,built,426,,,37475,Lovelace,
287,built,426,,,37605,Lovelace,
288,built,438,,,37735,Lovelace,
289,built,439,,,37865,Lovelace,
290,built,438,,,37995,Lovelace,
291,built,438,,,38125,Lovelace,
292,built,427,,,38255,Lovelace,
293,built,426,,,38385,Lovelace,
294,built,426,,,38515,Lovelace,
295,built,426,,,38645,Lovelace,
296,built,417,,,38775,Lovelace,
297,built,417,,,38905,Lovelace,
298,built,429,,,39035,Lovelace,
299,built,418,,,39165,Lovelace,
300,built,460,,,39295,Lovelace,
301,built,427,,,39425,Lovelace,
302,built,427,,,39555,Lovelace,
303,built,437,,,39685,Lovelace,
304,built,447,,,39815,Lovelace,
305,built,427,,,39945,Lovelace,
306,built,428,,,40075,Lovelace,
307,built,429,,,40205,Lovelace,
308,built,418,,,40335,Lovelace,
309,built,427,,,40465,Lovelace,
310,built,427,,,40595,Lovelace,
311,built,429,,,40725,Lovelace,
312,built,426,,,40855,Lovelace,
313,built,448,,,40985,Lovelace,
314,built,427,,,41115,Lovelace,
315,built,428,,,41245,Lovelace,
316,built,428,,,41375,Lovelace,
317,built,429,,,41505,Lovelace,
318,built,448,,,41635,Lovelace,
319,built,430,,,41765,Lovelace,
320,built,440,,,41895,Lovelace,
321,built,438,,,42025,Lovelace,
322,built,427,,,42155,Lovelace,
323,built,428,,,42285,Lovelace,
324,built,429,,,42415,Lovelace,
325,built,429,,,42545,Lovelace,
326,built,437,,,42675,Lovelace,
327,built,439,,,42805,Lovelace,
328,built,439,,,42935,Lovelace,
329,built,439,,,43065,Lovelace,
330,built,438,,,43195,Lovelace,
331,built,439,,,43325,Lovelace,
332,built,437,,,43455,Lovelace,
333,built,448,,,43585,Lovelace,
334,built,438,,,43715,Lovelace,
335,built,440,,,43845,Lovelace,
336,built,450,,,43975,Lovelace,
337,built,450,,,44105,Lovelace,
338,built,449,,,44235,Lovelace,
339,built,439,,,44365,Lovelace,
340,built,438,,,44495,Lovelace,
341,built,449,,,44625,Lovelace,
342,built,448,,,44755,Lovelace,
343,built,448,,,44885,Lovelace,
344,built,459,,,45015,Lovelace,
345,built,438,,,45145,Lovelace,
346,built,469,,,45275,Lovelace,
347,built,438,,,45405,Lovelace,
348,built,438,,,45535,Lovelace,
349,built,449,,,45665,Lovelace,
350,built,448,,,45795,Lovelace,
351,built,450,,,45925,Lovelace,
352,built,458,,,46055,Lovelace,
353,built,448,,,46185,Lovelace,
354,built,449,,,46315,Lovelace,
355,built,439,,,46445,Lovelace,
356,built,460,,,46575,Lovelace,
357,built,449,,,46705,Lovelace,
358,built,449,,,46835,Lovelace,
359,built,458,,,46965,Lovelace,
360,built,448,,,47095,Lovelace,
361,built,449,,,47225,Lovelace,
362,built,449,,,47355,Lovelace,
363,built,447,,,47485,Lovelace,
364,built,459,,,47615,Lovelace,
365,built,450,,,47745,Lovelace,
366,built,449,,,47875,Lovelace,
367,built,469,,,48005,Lovelace,
368,built,449,,,48135,Lovelace,
369,built,459,,,48265,Lovelace,
370,built,438,,,48395,Lovelace,
371,built,449,,,48525,Lovelace,
372,built,458,,,48655,Lovelace,
373,built,459,,,48785,Lovelace,
374,built,449,,,48915,Lovelace,
375,built,449,,,49045,Lovelace,
376,built,449,,,49175,Lovelace,
377,built,449,,,49305,Lovelace,
378,built,459,,,49435,Lovelace,
379,built,449,,,49565,Lovelace,
380,built,460,,,49695,Lovelace,
381,built,458,,,49825,Lovelace,
382,built,450,,,49955,Lovelace,
383,built,458,,,50085,Lovelace,
384,built,451,,,50215,Lovelace,
385,built,440,,,50345,Lovelace,
386,built,449,,,50475,Lovelace,
387,built,451,,,50605,Lovelace,
388,built,460,,,50735,Lovelace,
389,built,458,,,50865,Lovelace,
390,built,449,,,50995,Lovelace,
391,built,459,,,51125,Lovelace,
392,built,460,,,51255,Lovelace,
393,built,459,,,51385,Lovelace,
394,built,461,,,51515,Lovelace,
395,built,460,,,51645,Lovelace,
396,built,479,,,51775,Lovelace,
397,built,460,,,51905,Lovelace,
398,built,469,,,52035,Lovelace,
399,built,470,,,52165,Lovelace,
400,built,469,,,52295,Lovelace,
